<?xml version="1.0" encoding="UTF-8"?>
<metadata xml:lang="en">
    <Esri>
        <CreaDate>20170425</CreaDate>
        <CreaTime>13541300</CreaTime>
        <ArcGISFormat>1.0</ArcGISFormat>
        <SyncOnce>FALSE</SyncOnce>
        <DataProperties>
            <itemProps>
                <itemName Sync="TRUE">points_Project1_CreateThiess1</itemName>
                <imsContentType Sync="TRUE">002</imsContentType>
                <itemLocation>
                    <linkage Sync="TRUE">file://\\ASUS-PC\C$\Users\ASUS\Documents\ArcGIS\Default.gdb</linkage>
                    <protocol Sync="TRUE">Local Area Network</protocol>
                </itemLocation>
            </itemProps>
            <coordRef>
                <type Sync="TRUE">Projected</type>
                <geogcsn Sync="TRUE">GCS_Kandawala</geogcsn>
                <csUnits Sync="TRUE">Linear Unit: Meter (1.000000)</csUnits>
                <projcsn Sync="TRUE">Kandawala_Sri_Lanka_Grid</projcsn>
                <peXml Sync="TRUE">&lt;ProjectedCoordinateSystem xsi:type='typens:ProjectedCoordinateSystem'
                    xmlns:xsi='http://www.w3.org/2001/XMLSchema-instance' xmlns:xs='http://www.w3.org/2001/XMLSchema'
                    xmlns:typens='http://www.esri.com/schemas/ArcGIS/10.3'&gt;&lt;WKT&gt;PROJCS[&amp;quot;Kandawala_Sri_Lanka_Grid&amp;quot;,GEOGCS[&amp;quot;GCS_Kandawala&amp;quot;,DATUM[&amp;quot;D_Kandawala&amp;quot;,SPHEROID[&amp;quot;Everest_Adjustment_1937&amp;quot;,6377276.345,300.8017]],PRIMEM[&amp;quot;Greenwich&amp;quot;,0.0],UNIT[&amp;quot;Degree&amp;quot;,0.0174532925199433]],PROJECTION[&amp;quot;Transverse_Mercator&amp;quot;],PARAMETER[&amp;quot;False_Easting&amp;quot;,200000.0],PARAMETER[&amp;quot;False_Northing&amp;quot;,200000.0],PARAMETER[&amp;quot;Central_Meridian&amp;quot;,80.77171111111112],PARAMETER[&amp;quot;Scale_Factor&amp;quot;,0.9999238418],PARAMETER[&amp;quot;Latitude_Of_Origin&amp;quot;,7.000480277777778],UNIT[&amp;quot;Meter&amp;quot;,1.0],AUTHORITY[&amp;quot;EPSG&amp;quot;,5234]]&lt;/WKT&gt;&lt;XOrigin&gt;-5421900&lt;/XOrigin&gt;&lt;YOrigin&gt;-10574100&lt;/YOrigin&gt;&lt;XYScale&gt;10000&lt;/XYScale&gt;&lt;ZOrigin&gt;-100000&lt;/ZOrigin&gt;&lt;ZScale&gt;10000&lt;/ZScale&gt;&lt;MOrigin&gt;-100000&lt;/MOrigin&gt;&lt;MScale&gt;10000&lt;/MScale&gt;&lt;XYTolerance&gt;0.001&lt;/XYTolerance&gt;&lt;ZTolerance&gt;0.001&lt;/ZTolerance&gt;&lt;MTolerance&gt;0.001&lt;/MTolerance&gt;&lt;HighPrecision&gt;true&lt;/HighPrecision&gt;&lt;WKID&gt;5234&lt;/WKID&gt;&lt;LatestWKID&gt;5234&lt;/LatestWKID&gt;&lt;/ProjectedCoordinateSystem&gt;
                </peXml>
            </coordRef>
        </DataProperties>
        <SyncDate>20170327</SyncDate>
        <SyncTime>14164800</SyncTime>
        <ModDate>20170327</ModDate>
        <ModTime>14164800</ModTime>
    </Esri>
    <dataIdInfo>
        <envirDesc Sync="TRUE">Version 6.2 (Build 9200) ; Esri ArcGIS 10.3.1.4959</envirDesc>
        <dataLang>
            <languageCode value="eng" Sync="TRUE"></languageCode>
            <countryCode value="USA" Sync="TRUE"></countryCode>
        </dataLang>
        <idCitation>
            <resTitle Sync="TRUE">points_Project1_CreateThiess1</resTitle>
            <presForm>
                <PresFormCd value="005" Sync="TRUE"></PresFormCd>
            </presForm>
        </idCitation>
        <spatRpType>
            <SpatRepTypCd value="001" Sync="TRUE"></SpatRepTypCd>
        </spatRpType>
    </dataIdInfo>
    <mdLang>
        <languageCode value="eng" Sync="TRUE"></languageCode>
        <countryCode value="USA" Sync="TRUE"></countryCode>
    </mdLang>
    <distInfo>
        <distFormat>
            <formatName Sync="TRUE">File Geodatabase Feature Class</formatName>
        </distFormat>
    </distInfo>
    <mdHrLv>
        <ScopeCd value="005" Sync="TRUE"></ScopeCd>
    </mdHrLv>
    <mdHrLvName Sync="TRUE">dataset</mdHrLvName>
    <refSysInfo>
        <RefSystem>
            <refSysID>
                <identCode code="5234" Sync="TRUE"></identCode>
                <idCodeSpace Sync="TRUE">EPSG</idCodeSpace>
                <idVersion Sync="TRUE">8.6.2</idVersion>
            </refSysID>
        </RefSystem>
    </refSysInfo>
    <spatRepInfo>
        <VectSpatRep>
            <geometObjs Name="points_Project1_CreateThiess1">
                <geoObjTyp>
                    <GeoObjTypCd value="002" Sync="TRUE"></GeoObjTypCd>
                </geoObjTyp>
                <geoObjCnt Sync="TRUE">0</geoObjCnt>
            </geometObjs>
            <topLvl>
                <TopoLevCd value="001" Sync="TRUE"></TopoLevCd>
            </topLvl>
        </VectSpatRep>
    </spatRepInfo>
    <spdoinfo>
        <ptvctinf>
            <esriterm Name="points_Project1_CreateThiess1">
                <efeatyp Sync="TRUE">Simple</efeatyp>
                <efeageom code="4" Sync="TRUE"></efeageom>
                <esritopo Sync="TRUE">FALSE</esritopo>
                <efeacnt Sync="TRUE">0</efeacnt>
                <spindex Sync="TRUE">TRUE</spindex>
                <linrefer Sync="TRUE">FALSE</linrefer>
            </esriterm>
        </ptvctinf>
    </spdoinfo>
    <eainfo>
        <detailed Name="points_Project1_CreateThiess1">
            <enttyp>
                <enttypl Sync="TRUE">points_Project1_CreateThiess1</enttypl>
                <enttypt Sync="TRUE">Feature Class</enttypt>
                <enttypc Sync="TRUE">0</enttypc>
            </enttyp>
            <attr>
                <attrlabl Sync="TRUE">OBJECTID</attrlabl>
                <attalias Sync="TRUE">OBJECTID</attalias>
                <attrtype Sync="TRUE">OID</attrtype>
                <attwidth Sync="TRUE">4</attwidth>
                <atprecis Sync="TRUE">0</atprecis>
                <attscale Sync="TRUE">0</attscale>
                <attrdef Sync="TRUE">Internal feature number.</attrdef>
                <attrdefs Sync="TRUE">Esri</attrdefs>
                <attrdomv>
                    <udom Sync="TRUE">Sequential unique whole numbers that are automatically generated.</udom>
                </attrdomv>
            </attr>
            <attr>
                <attrlabl Sync="TRUE">Shape</attrlabl>
                <attalias Sync="TRUE">Shape</attalias>
                <attrtype Sync="TRUE">Geometry</attrtype>
                <attwidth Sync="TRUE">0</attwidth>
                <atprecis Sync="TRUE">0</atprecis>
                <attscale Sync="TRUE">0</attscale>
                <attrdef Sync="TRUE">Feature geometry.</attrdef>
                <attrdefs Sync="TRUE">Esri</attrdefs>
                <attrdomv>
                    <udom Sync="TRUE">Coordinates defining the features.</udom>
                </attrdomv>
            </attr>
            <attr>
                <attrlabl Sync="TRUE">Input_FID</attrlabl>
                <attalias Sync="TRUE">Input_FID</attalias>
                <attrtype Sync="TRUE">Integer</attrtype>
                <attwidth Sync="TRUE">4</attwidth>
                <atprecis Sync="TRUE">0</atprecis>
                <attscale Sync="TRUE">0</attscale>
            </attr>
            <attr>
                <attrlabl Sync="TRUE">Raingauge</attrlabl>
                <attalias Sync="TRUE">Raingauge</attalias>
                <attrtype Sync="TRUE">String</attrtype>
                <attwidth Sync="TRUE">254</attwidth>
                <atprecis Sync="TRUE">0</atprecis>
                <attscale Sync="TRUE">0</attscale>
            </attr>
            <attr>
                <attrlabl Sync="TRUE">Lat</attrlabl>
                <attalias Sync="TRUE">Lat</attalias>
                <attrtype Sync="TRUE">Double</attrtype>
                <attwidth Sync="TRUE">8</attwidth>
                <atprecis Sync="TRUE">0</atprecis>
                <attscale Sync="TRUE">0</attscale>
            </attr>
            <attr>
                <attrlabl Sync="TRUE">Long</attrlabl>
                <attalias Sync="TRUE">Long</attalias>
                <attrtype Sync="TRUE">Double</attrtype>
                <attwidth Sync="TRUE">8</attwidth>
                <atprecis Sync="TRUE">0</atprecis>
                <attscale Sync="TRUE">0</attscale>
            </attr>
            <attr>
                <attrlabl Sync="TRUE">Shape_Length</attrlabl>
                <attalias Sync="TRUE">Shape_Length</attalias>
                <attrtype Sync="TRUE">Double</attrtype>
                <attwidth Sync="TRUE">8</attwidth>
                <atprecis Sync="TRUE">0</atprecis>
                <attscale Sync="TRUE">0</attscale>
                <attrdef Sync="TRUE">Length of feature in internal units.</attrdef>
                <attrdefs Sync="TRUE">Esri</attrdefs>
                <attrdomv>
                    <udom Sync="TRUE">Positive real numbers that are automatically generated.</udom>
                </attrdomv>
            </attr>
            <attr>
                <attrlabl Sync="TRUE">Shape_Area</attrlabl>
                <attalias Sync="TRUE">Shape_Area</attalias>
                <attrtype Sync="TRUE">Double</attrtype>
                <attwidth Sync="TRUE">8</attwidth>
                <atprecis Sync="TRUE">0</atprecis>
                <attscale Sync="TRUE">0</attscale>
                <attrdef Sync="TRUE">Area of feature in internal units squared.</attrdef>
                <attrdefs Sync="TRUE">Esri</attrdefs>
                <attrdomv>
                    <udom Sync="TRUE">Positive real numbers that are automatically generated.</udom>
                </attrdomv>
            </attr>
        </detailed>
    </eainfo>
    <mdDateSt Sync="TRUE">20170327</mdDateSt>
</metadata>
